url,lastFetch,tueEngScore
https://www.glamour.ro,1753097791.11895,6.362454363024385e-08
https://amzn.to/3Uc9cTN,1753097791.104109,1.9226666666666668e-08
https://www.glamour.co.za,1753097791.0998342,6.362454363024385e-08
https://instagram.com/glamourmag/,1753097791.093624,4.439787696357718e-08
https://glamour.com/ariana-yaptangco-editor-picks,1753097791.093123,1.9226666666666668e-08
https://www.tiktok.com/@glamourmag?lang=en,1753097790.8617,4.439787696357718e-08
http://revistaglamour.globo.com/,1753097790.8553548,3.8453333333333336e-08
http://www.glamour.it/,1753097790.854879,1.9226666666666668e-08
http://www.glamourmagazine.co.uk/,1753097790.854649,3.8453333333333336e-08
http://www.glamour.ru/,1753097790.854047,1.9226666666666668e-08
https://www.google.com/chrome/tips/,1753097790.838849,0.0008261944551979523
https://airtable.com/marketplace/blkcQAzTn9Zy7CVfj/chart,1753097790.78366,2.7169397091218263e-09
https://www.espn.com/wnba/story/_/id/45772164/wnba-all-star-2025-grades-skills-challenge-3-point-contest-sabrina-ionescu-natasha-cloud,1753097790.7132921,2.7988899555555567e-10
https://flipboard.helpshift.com/hc/en/1-flipboard/faq/740-ios-troubleshooting-tips-1629341876/,1753097790.6913002,0.0016532785941640478
https://bristolsushop.com/collections/hats.oembed,1753097790.685332,2.7856802063704106e-08
https://www.texastribune.org/static/images/favicon-16x16.d0e640fbf205.png,1753097790.685144,5.3060344826272736e-08
https://www.shanghairanking.com/institution/university-of-california-berkeley,1753097790.652535,9.000000000000002e-07
https://www.topuniversities.com/sustainability-rankings,1753097790.582498,1.4166693160021811e-06
https://www.adobe.com/go/photoshop_express_terms,1753097790.491401,2.0408691547654332e-08
https://m.media-amazon.com/images/S/sash/CisS5bThFd1Y04j.js?chunk=8218,1753097790.491004,4.331714172682199e-07
https://www.shopbop.com/perfect-unisex-tibi/vp/v=1/1572612968.htm?fm=SB_HP_P2_FRAN_NewArrivals_13&pf_rd_p=d9087af3-8120-47b9-893d-0ecbccb76758&pf_rd_r=EQK6BJV6J4Q2380NRCWW&ref_=SB_HP_P2_FRAN_NewArrivals_13,1753097790.4252439,3.937921975165631e-07
https://www.6pm.com/women-clogs/CK_XARC01wHAAQHiAgMBAhg.zso?s=isNew%2Fdesc%2FgoLiveDate%2Fdesc%2FrecentSalesStyle%2Fdesc%2F,1753097790.150038,6.050516083113821e-07
https://www.boxofficemojo.com/showdown/?ref_=bo_nb_hm_tab,1753097789.479161,3.937921975165631e-07
"https://www.condenast.com/privacy-policy#children",1753097789.183591,1.0584493745534042e-06
https://www.bing.com/maps?where=One+California+Plaza%2C+300+S+Grand+Ave+Los+Angeles+90071+CA+US&trk=org-locations_url,1753097789.03185,2.7616594382222232e-08
https://webflow.com/blog/ai-web-strategy-recap,1753097788.7991948,3.137981522755498e-09
https://www.forbes.com/vetted/travel/luggage/,1753097788.710185,2.423372695959921e-08
https://cdn.shopify.com/shopifycloud/world/brochure/production-blog/assets/Image-DMBhdvNA.js,1753097788.668122,2.24856137745418e-09
https://www.airtable.com/lp/resources/webinars/quarterly-customer-wb-ondemand,1753097788.376672,4.823302338238683e-10
https://youradchoices.ca/en/company-registration-form,1753097788.176638,0.04362578220550922
https://cartoonbank.com/ja/search,1753097788.097912,0.00020143509944833273
https://bristol.ac.uk/style-guides/brand-identity/,1753097787.774292,9.220418833330041e-07
https://supersmalls.com/collections/nail-care,1753097787.646469,6.186581005806324e-10
"https://gigposters.com/featured/jerry-garcia-gary-grayson.html?product=canvas-print&completeProductSku=artworkid[24806769]-productid[canvasprintstretched]-imagewidth[6.5]-imageheight[8]-paperid[glossycanvas]-wrapwidth[1.5]-wrapcolor[mirrored]&ref=imageCollection&returnUrl=/&returnUrlTitle=Gig+Posters&imageList=25239573,27517520,26064734,25423647,17030426,23842144,24168250,24806758,22288008,23438746,24806769,16754023,24806788",1753097787.6173272,1.4518518518518522e-08
https://buycheapestfollowers.com/de/reddit-upvotes-kaufen,1753097787.360865,1.1400074617640647e-06
https://www.sportsline.com/experts/51323524/brady-kannon/,1753097787.136034,8.689886909629636e-07
https://pixels.com/art/science+fiction,1753097786.9138932,1.169013921244358e-05
https://play.google.com/store/apps/details?id=com.DAA.appchoices&hl=zh,1753097786.6060889,0.00012660499398117034
https://www.bristolsu.org.uk/support/support-for-committees/promoting-your-group,1753097786.16098,7.429658733958223e-07
https://www.shopify.com/ch?country=ch&lang=de,1753097785.870634,4.753945801130932e-08
https://fineartamerica.com/shop/framed+prints/landscape,1753097785.5336041,6.5202556841322555e-06
"https://www.newyorker.com/culture/the-food-scene/a-thrilling-italian-american-joint-points-backward-and-forward#intcid=_the-new-yorker-article-bottom-recirc_8a714ddb-176d-4afa-9d3b-fe6cca08b98c_roberta-similarity1_fallback_text2vec1",1753097785.2693272,2.7466666666666672e-05
https://sidesmedia.com/buy-likee-shares/,1753097785.1017458,8.872771953262432e-07
https://BuyCheapestFollowers.com/de/linkedin-follower-kaufen.php,1753097784.733438,1.1573385338766864e-05
https://www.cbssports.com/nhl/teams/NYI/new-york-islanders/,1753097784.3077419,0.0002431132058614948
https://www.linkedin.com/jobs/director-jobs?trk=organization_guest_linkster_link,1753097784.118635,4.072688937563494e-05
https://condenaststore.com/collections/summer+fun/stickers,1753097783.748533,3.272700000000001e-05
https://www.bristol.ac.uk/index/y/,1753097783.456342,2.666666666666667e-05
https://www.cbsnews.com/fly/bundles/cbsnewscore/icons/icon-512x512.png,1753097783.4308732,0.005855303591285582
https://www.elle.pl,1753097780.45502,2.0693291250857614e-08
https://www.przyslijprzepis.pl,1753097780.2870662,2.0221457248395062e-08
https://use.typekit.net/lmw7ypp.js,1753097780.233409,1.973937777777778e-08
https://www.story.pl/,1753097780.18305,2.066054874074074e-08
https://www.national-geographic.pl,1753097780.103446,1.973937777777778e-08
https://viva.pl/,1753097779.9844449,1.973937777777778e-08
https://www.glamour.pl/rozrywka/,1753097779.9132621,2.1973333333333337e-08
https://www.google.com/chrome/static/images/favicons/favicon-96x96.png,1753097779.892239,0.000861996572075299
https://politicalads.ca/en/news/political-advertising-in-canada-event-on-january-24-2025,1753097779.81109,0.035923051027524446
https://support.airtable.com/docs/airtable-security-practices,1753097779.676341,6.427944392170166e-10
https://www.w3.org/WAI/people-use-web/user-stories/story-seven/,1753097779.629133,1.1410023216930663e-06
https://community.airtable.com/search/activity/solved?userid=79698,1753097779.400478,1.0712101728395064e-11
https://www.youtube.com/playlist?list=PL0hKMB1-xkc9aZO3T_wTOm7sphgxLtkA9,1753097779.3471391,1.0787661555818791e-06
https://bristolsushop.com/collections/hats/products/knitted-hat-cream,1753097779.229038,2.7856802063704106e-08
https://www.texastribune.org/about/?utm_medium=top-nav-about,1753097779.16206,5.168215405156436e-08
"https://r.bing.com/rs/5T/1wf/cc,nc/3HwATlqfrHXj49C5yi30toncXMw.css?or=w",1753097779.14187,1.7931799176954735e-08
https://www.topuniversities.com/scholarships,1753097779.086098,1.3754071029147392e-06
http://www.adobe.com/go/medium-terms,1753097779.0569642,2.0408691547654332e-08
https://m.media-amazon.com/images/S/sash/FUoFtTDJTSyhotC.js?chunk=4888,1753097779.0567439,3.3472336788907866e-07
https://www.6pm.com/filters/infant/OgK8E-ICAQc.zso?t=infant&s=isNew%2Fdesc%2FgoLiveDate%2Fdesc%2FrecentSalesStyle%2Fdesc%2F,1753097778.947509,5.931878512856687e-07
https://www.boxofficemojo.com/release/rl2328526849/?ref_=bo_hm_rs,1753097778.827913,3.937921975165631e-07
https://www.veeqo.com/_next/static/media/0576f4f464c78623-s.p.woff2,1753097778.820456,5.378545744073587e-07
https://www.nytimes.com/interactive/2019/07/10/opinion/google-privacy-policy.html,1753097778.7796218,2.903703703703704e-10
"https://www.condenast.com/privacy-policy#contact-us ",1753097778.565016,1.0309571830065626e-06
https://www.bing.com/maps?where=4+Savoy+Place+London+WC2N+6HT+England+GB&trk=org-locations_url,1753097778.402605,2.7616594382222232e-08
"https://webflow.com/seo#b-6",1753097778.160191,3.536033580246915e-10
https://support.google.com/youtube/answer/7123737?hl=de,1753097778.0973701,1.854211745182375e-08
https://www.forbes.com/vetted/gifts/fathers-day/,1753097778.021229,2.36811664100318e-08
https://youradchoices.ca/en/learn?format=rss,1753097777.975543,0.04104132262377082
https://www.airtable.com/articles/ai/ai-marketing-tools,1753097777.974797,1.0113601393004229e-09
https://cartoonbank.com/fr/search,1753097777.914996,0.00019620301894318124
https://de.linkedin.com/pulse/topics/business-administration-s50111/management-s19/?lang=de,1753097777.8213649,1.0402443831384011e-07
https://bristol.ac.uk/style-guides/video-audio/,1753097777.510638,8.980927435061729e-07
https://supersmalls.com/collections/dress-up,1753097777.362831,6.065275495888552e-10
https://gigposters.com/registrationartist.html,1753097777.134752,2.9164482622298927e-08
https://buycheapestfollowers.com/de/tiktok-kommentare-kaufen,1753097776.82012,9.581192887682043e-07
https://www.sportsline.com/nfl/game-forecast/NFL_20250904_DAL@PHI/,1753097776.586175,9.966765033377416e-07
https://pixels.com/aboutthissite.html,1753097776.40857,1.138649923289959e-05
https://www.amazon.com/Tools-and-Home-Improvement/b/?ie=UTF8&node=228013&ref_=nav_cs_hi,1753097776.378693,4.037051947521972e-05
https://play.google.com/store/apps/details?id=com.DAA.appchoices&hl=zu,1753097776.152546,0.0001237182351607528
https://www.bristolsu.org.uk/support/support-for-committees/key-skills-and-development,1753097775.547922,7.213260906755555e-07
https://www.shopify.com/nl?country=nl&lang=nl,1753097775.240217,4.660731177579345e-08
https://fineartamerica.com/shop/throw+pillows,1753097774.899285,6.3508983936353146e-06
https://www.newyorker.com/magazine/2025/07/28,1753097774.8068779,0.00029336656336559174
https://sidesmedia.com/sidesmedia-assets/images/favicon.png,1753097774.806408,4.403727818036113e-06
https://BuyCheapestFollowers.com/de/threads-likes-kaufen,1753097774.45338,1.1272777927370323e-05
https://www.cbssports.com/podcasts/with-the-first-pick-nfl-draft-podcast/,1753097774.033039,0.00023603223870048045
https://www.linkedin.com/company/forbes-magazine?trk=similar-pages,1753097773.72353,3.6046022904407395e-05
https://condenaststore.com/featured/sunny-day-umbrellas-amy-hwang.html,1753097773.3998022,3e-05
https://www.bristol.ac.uk/alumni/donate,1753097773.344425,2.666666666666667e-05
https://www.cbsnews.com/fly/bundles/cbsnewscore/icons/icon-192x192.png,1753097773.341965,0.005855303591285582
